<?xml version="1.0" encoding="UTF-8"?>
<metadata xml:lang="en"><Esri><CreaDate>20230406</CreaDate><CreaTime>20512200</CreaTime><ArcGISFormat>1.0</ArcGISFormat><SyncOnce>FALSE</SyncOnce><DataProperties><itemProps><itemName Sync="TRUE">comatsa_sud_boundary</itemName><imsContentType Sync="TRUE">002</imsContentType><itemSize Sync="TRUE">0.000</itemSize><itemLocation><linkage Sync="TRUE">file://\\homedir.oit.duke.edu\users\e\eb371\bass\clean_data\comatsa_sud_boundary.shp</linkage><protocol Sync="TRUE">Local Area Network</protocol></itemLocation></itemProps><coordRef><type Sync="TRUE">Projected</type><geogcsn Sync="TRUE">GCS_Tananarive_1925</geogcsn><csUnits Sync="TRUE">Linear Unit: Meter (1.000000)</csUnits><projcsn Sync="TRUE">laborde</projcsn><peXml Sync="TRUE">&lt;ProjectedCoordinateSystem xsi:type='typens:ProjectedCoordinateSystem' xmlns:xsi='http://www.w3.org/2001/XMLSchema-instance' xmlns:xs='http://www.w3.org/2001/XMLSchema' xmlns:typens='http://www.esri.com/schemas/ArcGIS/3.0.0'&gt;&lt;WKT&gt;PROJCS[&amp;quot;laborde&amp;quot;,GEOGCS[&amp;quot;GCS_Tananarive_1925&amp;quot;,DATUM[&amp;quot;D_Tananarive_1925&amp;quot;,SPHEROID[&amp;quot;International_1924&amp;quot;,6378388.0,297.0]],PRIMEM[&amp;quot;Greenwich&amp;quot;,0.0],UNIT[&amp;quot;Degree&amp;quot;,0.0174532925199433]],PROJECTION[&amp;quot;Hotine_Oblique_Mercator_Azimuth_Center&amp;quot;],PARAMETER[&amp;quot;False_Easting&amp;quot;,400000.0],PARAMETER[&amp;quot;False_Northing&amp;quot;,800000.0],PARAMETER[&amp;quot;Scale_Factor&amp;quot;,0.9995],PARAMETER[&amp;quot;Azimuth&amp;quot;,18.9],PARAMETER[&amp;quot;Longitude_Of_Center&amp;quot;,46.437229166666],PARAMETER[&amp;quot;Latitude_Of_Center&amp;quot;,-18.9],UNIT[&amp;quot;Meter&amp;quot;,1.0]]&lt;/WKT&gt;&lt;XOrigin&gt;-30775000&lt;/XOrigin&gt;&lt;YOrigin&gt;-21429800&lt;/YOrigin&gt;&lt;XYScale&gt;137985962.03119957&lt;/XYScale&gt;&lt;ZOrigin&gt;-100000&lt;/ZOrigin&gt;&lt;ZScale&gt;10000&lt;/ZScale&gt;&lt;MOrigin&gt;-100000&lt;/MOrigin&gt;&lt;MScale&gt;10000&lt;/MScale&gt;&lt;XYTolerance&gt;0.001&lt;/XYTolerance&gt;&lt;ZTolerance&gt;0.001&lt;/ZTolerance&gt;&lt;MTolerance&gt;0.001&lt;/MTolerance&gt;&lt;HighPrecision&gt;true&lt;/HighPrecision&gt;&lt;/ProjectedCoordinateSystem&gt;</peXml></coordRef><lineage><Process ToolSource="c:\program files\arcgis\pro\Resources\ArcToolbox\toolboxes\Conversion Tools.tbx\ExportFeatures" Date="20230406" Time="205123">ExportFeatures "sapm_20170209_om_terrestre selection" X:\bass\clean_data\comatsa_sud_boundary.shp # NOT_USE_ALIAS "DATAADMIN "DATAADMIN" true true false 21 Text 0 0,First,#,sapm_20170209_om_terrestre selection,DATAADMIN,0,21;NOM "NOM" true true false 69 Text 0 0,First,#,sapm_20170209_om_terrestre selection,NOM,0,69;CAT__IUCN "CAT__IUCN" true true false 50 Text 0 0,First,#,sapm_20170209_om_terrestre selection,CAT__IUCN,0,50;CREATION "CREATION" true true false 100 Text 0 0,First,#,sapm_20170209_om_terrestre selection,CREATION,0,100;STATUT_AP "STATUT_AP" true true false 100 Text 0 0,First,#,sapm_20170209_om_terrestre selection,STATUT_AP,0,100;DESCRIPT_1 "DESCRIPT_1" true true false 50 Text 0 0,First,#,sapm_20170209_om_terrestre selection,DESCRIPT_1,0,50;AREA "AREA" true true false 19 Double 3 18,First,#,sapm_20170209_om_terrestre selection,AREA,-1,-1;HECTARES "HECTARES" true true false 19 Double 3 18,First,#,sapm_20170209_om_terrestre selection,HECTARES,-1,-1;DATAADMI_1 "DATAADMI_1" true true false 21 Text 0 0,First,#,sapm_20170209_om_terrestre selection,DATAADMI_1,0,21;NOM_1 "NOM_1" true true false 69 Text 0 0,First,#,sapm_20170209_om_terrestre selection,NOM_1,0,69;CAT__IUC_1 "CAT__IUC_1" true true false 50 Text 0 0,First,#,sapm_20170209_om_terrestre selection,CAT__IUC_1,0,50;CREATION_1 "CREATION_1" true true false 100 Text 0 0,First,#,sapm_20170209_om_terrestre selection,CREATION_1,0,100;STATUT_A_1 "STATUT_A_1" true true false 100 Text 0 0,First,#,sapm_20170209_om_terrestre selection,STATUT_A_1,0,100;DESCRIPT_2 "DESCRIPT_2" true true false 50 Text 0 0,First,#,sapm_20170209_om_terrestre selection,DESCRIPT_2,0,50;NUM_ATLAS_ "NUM_ATLAS_" true true false 4 Short 0 4,First,#,sapm_20170209_om_terrestre selection,NUM_ATLAS_,-1,-1;SHORT_NAME "SHORT_NAME" true true false 50 Text 0 0,First,#,sapm_20170209_om_terrestre selection,SHORT_NAME,0,50;FULL_NAME "FULL_NAME" true true false 150 Text 0 0,First,#,sapm_20170209_om_terrestre selection,FULL_NAME,0,150;PROVINCE "PROVINCE" true true false 100 Text 0 0,First,#,sapm_20170209_om_terrestre selection,PROVINCE,0,100;REGION "REGION" true true false 200 Text 0 0,First,#,sapm_20170209_om_terrestre selection,REGION,0,200;DISTRICT "DISTRICT" true true false 254 Text 0 0,First,#,sapm_20170209_om_terrestre selection,DISTRICT,0,254;SUP_DECR_H "SUP_DECR_H" true true false 19 Double 11 18,First,#,sapm_20170209_om_terrestre selection,SUP_DECR_H,-1,-1;STATUT_JUR "STATUT_JUR" true true false 200 Text 0 0,First,#,sapm_20170209_om_terrestre selection,STATUT_JUR,0,200;CATEG_IUCN "CATEG_IUCN" true true false 50 Text 0 0,First,#,sapm_20170209_om_terrestre selection,CATEG_IUCN,0,50;GEST_1 "GEST_1" true true false 150 Text 0 0,First,#,sapm_20170209_om_terrestre selection,GEST_1,0,150;GEST_2 "GEST_2" true true false 100 Text 0 0,First,#,sapm_20170209_om_terrestre selection,GEST_2,0,100;DAT_ST_DEF "DAT_ST_DEF" true true false 8 Date 0 0,First,#,sapm_20170209_om_terrestre selection,DAT_ST_DEF,-1,-1;STAT_DEF "STAT_DEF" true true false 150 Text 0 0,First,#,sapm_20170209_om_terrestre selection,STAT_DEF,0,150;DATE_CREAT "DATE_CREAT" true true false 8 Date 0 0,First,#,sapm_20170209_om_terrestre selection,DATE_CREAT,-1,-1;GOUVERNANC "GOUVERNANC" true true false 254 Text 0 0,First,#,sapm_20170209_om_terrestre selection,GOUVERNANC,0,254;TYPE_AP "TYPE_AP" true true false 100 Text 0 0,First,#,sapm_20170209_om_terrestre selection,TYPE_AP,0,100;F_AREA "F_AREA" true true false 19 Double 11 18,First,#,sapm_20170209_om_terrestre selection,F_AREA,-1,-1;SHORTNAME2 "SHORTNAME2" true true false 50 Text 0 0,First,#,sapm_20170209_om_terrestre selection,SHORTNAME2,0,50" #</Process></lineage></DataProperties><SyncDate>20230406</SyncDate><SyncTime>20512200</SyncTime><ModDate>20230406</ModDate><ModTime>20512200</ModTime></Esri><dataIdInfo><envirDesc Sync="TRUE">Microsoft Windows 10 Version 10.0 (Build 19044) ; Esri ArcGIS 13.0.3.36057</envirDesc><dataLang><languageCode value="eng" Sync="TRUE"></languageCode><countryCode value="USA" Sync="TRUE"></countryCode></dataLang><idCitation><resTitle Sync="TRUE">comatsa_sud_boundary</resTitle><presForm><PresFormCd value="005" Sync="TRUE"></PresFormCd></presForm></idCitation><spatRpType><SpatRepTypCd value="001" Sync="TRUE"></SpatRepTypCd></spatRpType></dataIdInfo><mdLang><languageCode value="eng" Sync="TRUE"></languageCode><countryCode value="USA" Sync="TRUE"></countryCode></mdLang><mdChar><CharSetCd value="004" Sync="TRUE"></CharSetCd></mdChar><distInfo><distFormat><formatName Sync="TRUE">Shapefile</formatName></distFormat><distTranOps><transSize Sync="TRUE">0.000</transSize></distTranOps></distInfo><mdHrLv><ScopeCd value="005" Sync="TRUE"></ScopeCd></mdHrLv><mdHrLvName Sync="TRUE">dataset</mdHrLvName><refSysInfo><RefSystem><refSysID><identCode code="0" Sync="TRUE"></identCode></refSysID></RefSystem></refSysInfo><spatRepInfo><VectSpatRep><geometObjs Name="comatsa_sud_boundary"><geoObjTyp><GeoObjTypCd value="002" Sync="TRUE"></GeoObjTypCd></geoObjTyp><geoObjCnt Sync="TRUE">0</geoObjCnt></geometObjs><topLvl><TopoLevCd value="001" Sync="TRUE"></TopoLevCd></topLvl></VectSpatRep></spatRepInfo><spdoinfo><ptvctinf><esriterm Name="comatsa_sud_boundary"><efeatyp Sync="TRUE">Simple</efeatyp><efeageom code="4" Sync="TRUE"></efeageom><esritopo Sync="TRUE">FALSE</esritopo><efeacnt Sync="TRUE">0</efeacnt><spindex Sync="TRUE">FALSE</spindex><linrefer Sync="TRUE">FALSE</linrefer></esriterm></ptvctinf></spdoinfo><eainfo><detailed Name="comatsa_sud_boundary"><enttyp><enttypl Sync="TRUE">comatsa_sud_boundary</enttypl><enttypt Sync="TRUE">Feature Class</enttypt><enttypc Sync="TRUE">0</enttypc></enttyp><attr><attrlabl Sync="TRUE">FID</attrlabl><attalias Sync="TRUE">FID</attalias><attrtype Sync="TRUE">OID</attrtype><attwidth Sync="TRUE">4</attwidth><atprecis Sync="TRUE">0</atprecis><attscale Sync="TRUE">0</attscale><attrdef Sync="TRUE">Internal feature number.</attrdef><attrdefs Sync="TRUE">Esri</attrdefs><attrdomv><udom Sync="TRUE">Sequential unique whole numbers that are automatically generated.</udom></attrdomv></attr><attr><attrlabl Sync="TRUE">Shape</attrlabl><attalias Sync="TRUE">Shape</attalias><attrtype Sync="TRUE">Geometry</attrtype><attwidth Sync="TRUE">0</attwidth><atprecis Sync="TRUE">0</atprecis><attscale Sync="TRUE">0</attscale><attrdef Sync="TRUE">Feature geometry.</attrdef><attrdefs Sync="TRUE">Esri</attrdefs><attrdomv><udom Sync="TRUE">Coordinates defining the features.</udom></attrdomv></attr><attr><attrlabl Sync="TRUE">DATAADMIN</attrlabl><attalias Sync="TRUE">DATAADMIN</attalias><attrtype Sync="TRUE">String</attrtype><attwidth Sync="TRUE">21</attwidth><atprecis Sync="TRUE">0</atprecis><attscale Sync="TRUE">0</attscale></attr><attr><attrlabl Sync="TRUE">NOM</attrlabl><attalias Sync="TRUE">NOM</attalias><attrtype Sync="TRUE">String</attrtype><attwidth Sync="TRUE">69</attwidth><atprecis Sync="TRUE">0</atprecis><attscale Sync="TRUE">0</attscale></attr><attr><attrlabl Sync="TRUE">CAT__IUCN</attrlabl><attalias Sync="TRUE">CAT__IUCN</attalias><attrtype Sync="TRUE">String</attrtype><attwidth Sync="TRUE">50</attwidth><atprecis Sync="TRUE">0</atprecis><attscale Sync="TRUE">0</attscale></attr><attr><attrlabl Sync="TRUE">CREATION</attrlabl><attalias Sync="TRUE">CREATION</attalias><attrtype Sync="TRUE">String</attrtype><attwidth Sync="TRUE">100</attwidth><atprecis Sync="TRUE">0</atprecis><attscale Sync="TRUE">0</attscale></attr><attr><attrlabl Sync="TRUE">STATUT_AP</attrlabl><attalias Sync="TRUE">STATUT_AP</attalias><attrtype Sync="TRUE">String</attrtype><attwidth Sync="TRUE">100</attwidth><atprecis Sync="TRUE">0</atprecis><attscale Sync="TRUE">0</attscale></attr><attr><attrlabl Sync="TRUE">DESCRIPT_1</attrlabl><attalias Sync="TRUE">DESCRIPT_1</attalias><attrtype Sync="TRUE">String</attrtype><attwidth Sync="TRUE">50</attwidth><atprecis Sync="TRUE">0</atprecis><attscale Sync="TRUE">0</attscale></attr><attr><attrlabl Sync="TRUE">AREA</attrlabl><attalias Sync="TRUE">AREA</attalias><attrtype Sync="TRUE">Double</attrtype><attwidth Sync="TRUE">19</attwidth><atprecis Sync="TRUE">18</atprecis><attscale Sync="TRUE">3</attscale></attr><attr><attrlabl Sync="TRUE">HECTARES</attrlabl><attalias Sync="TRUE">HECTARES</attalias><attrtype Sync="TRUE">Double</attrtype><attwidth Sync="TRUE">19</attwidth><atprecis Sync="TRUE">18</atprecis><attscale Sync="TRUE">3</attscale></attr><attr><attrlabl Sync="TRUE">DATAADMI_1</attrlabl><attalias Sync="TRUE">DATAADMI_1</attalias><attrtype Sync="TRUE">String</attrtype><attwidth Sync="TRUE">21</attwidth><atprecis Sync="TRUE">0</atprecis><attscale Sync="TRUE">0</attscale></attr><attr><attrlabl Sync="TRUE">NOM_1</attrlabl><attalias Sync="TRUE">NOM_1</attalias><attrtype Sync="TRUE">String</attrtype><attwidth Sync="TRUE">69</attwidth><atprecis Sync="TRUE">0</atprecis><attscale Sync="TRUE">0</attscale></attr><attr><attrlabl Sync="TRUE">CAT__IUC_1</attrlabl><attalias Sync="TRUE">CAT__IUC_1</attalias><attrtype Sync="TRUE">String</attrtype><attwidth Sync="TRUE">50</attwidth><atprecis Sync="TRUE">0</atprecis><attscale Sync="TRUE">0</attscale></attr><attr><attrlabl Sync="TRUE">CREATION_1</attrlabl><attalias Sync="TRUE">CREATION_1</attalias><attrtype Sync="TRUE">String</attrtype><attwidth Sync="TRUE">100</attwidth><atprecis Sync="TRUE">0</atprecis><attscale Sync="TRUE">0</attscale></attr><attr><attrlabl Sync="TRUE">STATUT_A_1</attrlabl><attalias Sync="TRUE">STATUT_A_1</attalias><attrtype Sync="TRUE">String</attrtype><attwidth Sync="TRUE">100</attwidth><atprecis Sync="TRUE">0</atprecis><attscale Sync="TRUE">0</attscale></attr><attr><attrlabl Sync="TRUE">DESCRIPT_2</attrlabl><attalias Sync="TRUE">DESCRIPT_2</attalias><attrtype Sync="TRUE">String</attrtype><attwidth Sync="TRUE">50</attwidth><atprecis Sync="TRUE">0</atprecis><attscale Sync="TRUE">0</attscale></attr><attr><attrlabl Sync="TRUE">NUM_ATLAS_</attrlabl><attalias Sync="TRUE">NUM_ATLAS_</attalias><attrtype Sync="TRUE">SmallInteger</attrtype><attwidth Sync="TRUE">4</attwidth><atprecis Sync="TRUE">4</atprecis><attscale Sync="TRUE">0</attscale></attr><attr><attrlabl Sync="TRUE">SHORT_NAME</attrlabl><attalias Sync="TRUE">SHORT_NAME</attalias><attrtype Sync="TRUE">String</attrtype><attwidth Sync="TRUE">50</attwidth><atprecis Sync="TRUE">0</atprecis><attscale Sync="TRUE">0</attscale></attr><attr><attrlabl Sync="TRUE">FULL_NAME</attrlabl><attalias Sync="TRUE">FULL_NAME</attalias><attrtype Sync="TRUE">String</attrtype><attwidth Sync="TRUE">150</attwidth><atprecis Sync="TRUE">0</atprecis><attscale Sync="TRUE">0</attscale></attr><attr><attrlabl Sync="TRUE">PROVINCE</attrlabl><attalias Sync="TRUE">PROVINCE</attalias><attrtype Sync="TRUE">String</attrtype><attwidth Sync="TRUE">100</attwidth><atprecis Sync="TRUE">0</atprecis><attscale Sync="TRUE">0</attscale></attr><attr><attrlabl Sync="TRUE">REGION</attrlabl><attalias Sync="TRUE">REGION</attalias><attrtype Sync="TRUE">String</attrtype><attwidth Sync="TRUE">200</attwidth><atprecis Sync="TRUE">0</atprecis><attscale Sync="TRUE">0</attscale></attr><attr><attrlabl Sync="TRUE">DISTRICT</attrlabl><attalias Sync="TRUE">DISTRICT</attalias><attrtype Sync="TRUE">String</attrtype><attwidth Sync="TRUE">254</attwidth><atprecis Sync="TRUE">0</atprecis><attscale Sync="TRUE">0</attscale></attr><attr><attrlabl Sync="TRUE">SUP_DECR_H</attrlabl><attalias Sync="TRUE">SUP_DECR_H</attalias><attrtype Sync="TRUE">Double</attrtype><attwidth Sync="TRUE">19</attwidth><atprecis Sync="TRUE">18</atprecis><attscale Sync="TRUE">11</attscale></attr><attr><attrlabl Sync="TRUE">STATUT_JUR</attrlabl><attalias Sync="TRUE">STATUT_JUR</attalias><attrtype Sync="TRUE">String</attrtype><attwidth Sync="TRUE">200</attwidth><atprecis Sync="TRUE">0</atprecis><attscale Sync="TRUE">0</attscale></attr><attr><attrlabl Sync="TRUE">CATEG_IUCN</attrlabl><attalias Sync="TRUE">CATEG_IUCN</attalias><attrtype Sync="TRUE">String</attrtype><attwidth Sync="TRUE">50</attwidth><atprecis Sync="TRUE">0</atprecis><attscale Sync="TRUE">0</attscale></attr><attr><attrlabl Sync="TRUE">GEST_1</attrlabl><attalias Sync="TRUE">GEST_1</attalias><attrtype Sync="TRUE">String</attrtype><attwidth Sync="TRUE">150</attwidth><atprecis Sync="TRUE">0</atprecis><attscale Sync="TRUE">0</attscale></attr><attr><attrlabl Sync="TRUE">GEST_2</attrlabl><attalias Sync="TRUE">GEST_2</attalias><attrtype Sync="TRUE">String</attrtype><attwidth Sync="TRUE">100</attwidth><atprecis Sync="TRUE">0</atprecis><attscale Sync="TRUE">0</attscale></attr><attr><attrlabl Sync="TRUE">DAT_ST_DEF</attrlabl><attalias Sync="TRUE">DAT_ST_DEF</attalias><attrtype Sync="TRUE">Date</attrtype><attwidth Sync="TRUE">8</attwidth><atprecis Sync="TRUE">0</atprecis><attscale Sync="TRUE">0</attscale></attr><attr><attrlabl Sync="TRUE">STAT_DEF</attrlabl><attalias Sync="TRUE">STAT_DEF</attalias><attrtype Sync="TRUE">String</attrtype><attwidth Sync="TRUE">150</attwidth><atprecis Sync="TRUE">0</atprecis><attscale Sync="TRUE">0</attscale></attr><attr><attrlabl Sync="TRUE">DATE_CREAT</attrlabl><attalias Sync="TRUE">DATE_CREAT</attalias><attrtype Sync="TRUE">Date</attrtype><attwidth Sync="TRUE">8</attwidth><atprecis Sync="TRUE">0</atprecis><attscale Sync="TRUE">0</attscale></attr><attr><attrlabl Sync="TRUE">GOUVERNANC</attrlabl><attalias Sync="TRUE">GOUVERNANC</attalias><attrtype Sync="TRUE">String</attrtype><attwidth Sync="TRUE">254</attwidth><atprecis Sync="TRUE">0</atprecis><attscale Sync="TRUE">0</attscale></attr><attr><attrlabl Sync="TRUE">TYPE_AP</attrlabl><attalias Sync="TRUE">TYPE_AP</attalias><attrtype Sync="TRUE">String</attrtype><attwidth Sync="TRUE">100</attwidth><atprecis Sync="TRUE">0</atprecis><attscale Sync="TRUE">0</attscale></attr><attr><attrlabl Sync="TRUE">F_AREA</attrlabl><attalias Sync="TRUE">F_AREA</attalias><attrtype Sync="TRUE">Double</attrtype><attwidth Sync="TRUE">19</attwidth><atprecis Sync="TRUE">18</atprecis><attscale Sync="TRUE">11</attscale></attr><attr><attrlabl Sync="TRUE">SHORTNAME2</attrlabl><attalias Sync="TRUE">SHORTNAME2</attalias><attrtype Sync="TRUE">String</attrtype><attwidth Sync="TRUE">50</attwidth><atprecis Sync="TRUE">0</atprecis><attscale Sync="TRUE">0</attscale></attr></detailed></eainfo><mdDateSt Sync="TRUE">20230406</mdDateSt></metadata>
